,dataset,accuracy,average_precision,auc
0,ArtBench,0.3300666666666667,0.6636319155048906,0.4841500975
1,ARIA,0.13749564215663984,0.8804594448532287,0.5072173553947166
